{
    "practice_plans": [
        {
            "name": "Practice Plan 1",
            "drills": [
                {
                    "name": "Drill 1",
                    "description": "Description of Drill 1"
                },
                {
                    "name": "Drill 2",
                    "description": "Description of Drill 2"
                },
                {
                    "name": "Drill 3",
                    "description": "Description of Drill 3"
                }
            ]
        },
        {
            "name": "Practice Plan 2",
            "drills": [
                {
                    "name": "Drill 4",
                    "description": "Description of Drill 4"
                },
                {
                    "name": "Drill 5",
                    "description": "Description of Drill 5"
                }
            ]
        }
    ]
}
